{"cameraMode":{"drawMode":0,"name":"Shaded","section":"Shading Mode"},"sceneLighting":true,"audioPlay":false,"sceneViewState":{"m_AlwaysRefresh":true,"showFog":true,"showSkybox":true,"showFlares":true,"showImageEffects":true,"showParticleSystems":true,"showVisualEffectGraphs":true,"m_FxEnabled":true},"in2DMode":false,"pivot":{"x":49.475135803222659,"y":73.22089385986328,"z":-230.73184204101563},"rotation":{"x":0.1478748768568039,"y":0.0326310433447361,"z":-0.00488201342523098,"w":0.9884585738182068},"size":152.98414611816407,"orthographic":false}